Age,Gender,Weight_kg,Height_cm,Max_BPM,Avg_BPM,Resting_BPM,Calories_Burned,Workout_Type,Fat_Percentage,Water_Intake_Liters,Workout_Frequency_Days,Experience_Level,BMI,Duration_Minutes,Calories_Per_Min
46,Female,74.9,153.0,179,151,66,883.0,HIIT,33.9,2.1,4,2,32.0,78,11.32
32,Female,68.1,166.0,167,122,54,677.0,Cardio,33.4,2.3,4,2,24.71,67,10.1
25,Male,53.2,170.0,190,164,56,532.0,Fuerza,28.8,2.1,3,1,18.41,35,15.2
38,Male,46.1,179.0,188,158,68,556.0,Fuerza,29.2,2.8,3,1,14.39,38,14.63
56,Female,58.0,168.0,168,156,74,1116.0,HIIT,15.5,2.7,5,3,20.55,95,11.75
36,Male,70.3,172.0,174,169,73,1385.0,Cardio,21.3,2.3,3,2,23.76,89,15.56
40,Female,69.7,151.0,189,141,64,895.0,Cardio,30.6,1.9,3,2,30.57,76,11.78
28,Male,121.7,194.0,185,127,52,719.0,Fuerza,28.9,2.6,4,2,32.34,62,11.6
28,Male,101.8,184.0,169,136,64,808.0,Cardio,29.7,2.7,3,1,30.07,65,12.43
41,Male,120.8,167.0,188,146,54,593.0,HIIT,20.5,3.0,2,1,43.31,49,12.1
53,Male,51.7,170.0,175,152,72,865.0,HIIT,23.6,3.5,3,2,17.89,69,12.54
57,Male,112.5,161.0,195,165,61,1013.0,Cardio,22.1,2.7,3,2,43.4,74,13.69
41,Male,94.5,200.0,179,136,69,794.0,HIIT,27.6,3.7,3,1,23.62,71,11.18
39,Female,42.5,175.0,181,131,52,740.0,Fuerza,26.2,2.1,2,1,13.88,68,10.88
19,Female,64.0,153.0,166,167,58,1111.0,HIIT,29.8,2.3,3,2,27.34,80,13.89
41,Female,43.8,177.0,182,165,58,884.0,Cardio,31.9,1.6,3,1,13.98,71,12.45
47,Female,66.8,175.0,199,146,56,742.0,Fuerza,32.8,2.5,3,2,21.81,68,10.91
55,Female,75.2,167.0,188,167,51,1030.0,HIIT,25.2,2.2,2,1,26.96,82,12.56
19,Male,89.0,177.0,175,127,72,1048.0,Fuerza,28.9,3.7,4,2,28.41,90,11.64
38,Male,71.9,177.0,197,142,72,875.0,Cardio,25.7,3.1,2,1,22.95,67,13.06
39,Female,64.3,169.0,190,148,58,925.0,HIIT,26.9,1.9,4,2,22.51,75,12.33
44,Male,65.2,180.0,192,139,68,502.0,HIIT,27.2,2.7,2,1,20.12,44,11.41
59,Male,53.9,175.0,168,135,69,989.0,Fuerza,21.6,2.8,4,2,17.6,89,11.11
45,Male,84.9,186.0,186,136,66,1104.0,HIIT,14.2,3.5,5,3,24.54,98,11.27
33,Female,78.0,168.0,183,135,55,871.0,HIIT,32.3,1.8,3,2,27.64,77,11.31
32,Male,108.2,180.0,172,138,53,964.0,HIIT,28.4,3.5,3,1,33.4,76,12.68
54,Female,50.2,161.0,188,157,67,1046.0,HIIT,28.2,2.7,2,1,19.37,89,11.75
24,Female,58.9,151.0,187,157,68,816.0,Cardio,31.7,2.5,2,1,25.83,62,13.16
38,Male,81.4,171.0,187,148,58,1237.0,HIIT,10.2,3.5,5,3,27.84,91,13.59
26,Male,127.6,173.0,167,160,62,1162.0,Fuerza,27.3,2.9,3,1,42.63,79,14.71
56,Female,59.3,156.0,182,155,57,879.0,Cardio,33.4,2.6,4,2,24.37,76,11.57
35,Male,96.9,171.0,188,145,72,1069.0,Fuerza,24.2,2.9,3,2,33.14,80,13.36
21,Male,62.6,181.0,164,150,62,1072.0,Fuerza,27.6,3.5,4,2,19.11,78,13.74
42,Male,45.5,160.0,166,163,64,1057.0,Fuerza,21.7,2.6,3,2,17.77,79,13.38
31,Female,48.8,151.0,195,131,60,969.0,Cardio,28.2,2.0,2,1,21.4,89,10.89
26,Female,44.3,160.0,186,136,61,734.0,Cardio,34.7,2.0,3,1,17.3,65,11.29
19,Female,60.5,159.0,184,128,53,730.0,Cardio,30.1,2.2,2,1,23.93,68,10.74
37,Male,124.2,176.0,168,158,50,1304.0,HIIT,29.3,2.8,2,1,40.1,90,14.49
45,Male,52.4,185.0,186,161,73,956.0,Fuerza,25.2,2.5,3,1,15.31,72,13.28
25,Male,88.1,195.0,182,131,68,1016.0,Cardio,22.7,3.0,2,1,23.17,85,11.95
52,Female,59.7,171.0,169,151,58,836.0,Fuerza,34.3,2.0,3,1,20.42,74,11.3
31,Female,79.7,154.0,184,144,59,742.0,Cardio,26.7,2.3,4,2,33.61,62,11.97
53,Male,84.2,176.0,165,137,69,1133.0,Cardio,12.8,3.5,5,3,27.18,100,11.33
57,Male,122.1,189.0,165,134,58,750.0,Cardio,27.4,3.6,3,1,34.18,68,11.03
21,Male,96.7,172.0,161,151,62,1046.0,Fuerza,25.0,2.8,3,1,32.69,76,13.76
19,Female,73.0,179.0,177,125,61,506.0,HIIT,27.7,1.6,3,1,22.78,49,10.33
23,Male,114.8,160.0,182,163,60,1318.0,Cardio,21.7,2.7,4,2,44.84,88,14.98
21,Female,50.3,152.0,171,154,67,832.0,Cardio,32.2,2.6,3,1,21.77,65,12.8
46,Female,61.0,171.0,181,153,61,1150.0,Cardio,17.8,2.7,4,3,20.86,100,11.5
35,Female,44.6,162.0,196,157,65,440.0,HIIT,32.4,2.0,2,1,16.99,34,12.94
43,Female,58.2,161.0,179,124,54,580.0,Fuerza,26.4,2.6,3,2,22.45,62,9.35
27,Male,87.5,163.0,183,135,74,1299.0,Fuerza,12.9,3.5,5,3,32.93,105,12.37
53,Male,51.8,174.0,179,127,61,773.0,Fuerza,21.3,3.7,3,2,17.11,74,10.45
31,Female,64.4,170.0,160,144,70,1418.0,Fuerza,17.3,2.7,5,3,22.28,118,12.02
48,Female,67.1,161.0,160,151,74,421.0,Cardio,33.4,1.5,2,1,25.89,37,11.38
32,Male,85.9,160.0,176,145,60,1587.0,HIIT,14.5,3.5,5,3,33.55,119,13.34
25,Female,65.4,177.0,160,141,58,627.0,Cardio,27.6,2.6,3,1,20.88,53,11.83
40,Male,106.5,165.0,162,162,74,1176.0,HIIT,21.0,3.6,4,2,39.12,79,14.89
57,Female,64.0,152.0,170,129,52,1004.0,Fuerza,15.2,2.7,5,3,27.7,104,9.65
38,Female,61.4,154.0,183,131,69,963.0,HIIT,30.6,2.7,3,2,25.89,88,10.94
35,Male,70.1,179.0,185,125,63,743.0,Cardio,28.0,2.3,3,2,21.88,65,11.43
41,Male,94.1,162.0,172,139,50,777.0,Cardio,23.4,3.1,4,2,35.86,68,11.43
43,Male,55.5,182.0,160,124,66,663.0,Fuerza,20.1,2.0,3,1,16.76,65,10.2
42,Female,53.7,172.0,183,142,74,875.0,Cardio,29.8,1.6,3,1,18.15,82,10.67
58,Female,66.1,175.0,169,128,57,363.0,Cardio,25.2,1.8,2,1,21.58,38,9.55
32,Female,61.7,158.0,183,135,54,1262.0,HIIT,16.6,2.7,5,3,24.72,112,11.27
18,Female,52.3,174.0,187,165,58,990.0,Cardio,29.4,2.2,2,1,17.27,72,13.75
26,Female,76.7,163.0,199,139,72,751.0,Fuerza,25.6,1.7,2,1,28.87,65,11.55
18,Female,54.8,168.0,176,158,71,1003.0,Fuerza,32.0,2.2,4,2,19.42,76,13.2
25,Male,105.0,188.0,174,156,67,1150.0,Cardio,21.4,2.3,3,2,29.71,80,14.38
41,Female,55.0,155.0,175,169,65,1103.0,Fuerza,31.4,2.0,4,2,22.89,87,12.68
34,Female,75.6,160.0,193,130,51,416.0,HIIT,29.1,2.7,2,1,29.53,38,10.95
25,Male,81.5,161.0,170,159,63,1688.0,HIIT,10.9,3.5,4,3,31.44,116,14.55
52,Female,61.5,169.0,160,152,63,1231.0,Cardio,15.5,2.7,4,3,21.53,108,11.4
52,Male,74.0,163.0,174,150,50,936.0,Cardio,25.7,3.7,3,2,27.85,76,12.32
50,Female,56.4,159.0,185,163,74,924.0,HIIT,34.3,2.6,3,1,22.31,76,12.16
22,Male,102.6,184.0,163,153,65,1052.0,Fuerza,20.5,2.7,3,2,30.3,75,14.03
59,Female,54.6,157.0,164,169,64,441.0,Cardio,29.2,2.3,3,1,22.15,35,12.6
58,Male,103.5,166.0,172,168,61,1106.0,Cardio,24.6,3.1,3,1,37.56,80,13.82
45,Female,59.4,151.0,169,142,65,735.0,Fuerza,33.1,1.9,4,2,26.05,69,10.65
24,Female,60.1,179.0,170,165,63,1625.0,Cardio,15.9,2.7,4,3,18.76,118,13.77
51,Male,109.3,178.0,182,157,64,420.0,Fuerza,28.7,3.3,3,1,34.5,32,13.12
50,Male,69.6,196.0,166,139,68,667.0,Fuerza,25.6,2.0,3,1,18.12,58,11.5
54,Male,86.0,193.0,171,163,51,1404.0,Fuerza,12.9,3.5,5,3,23.09,104,13.5
52,Female,79.4,159.0,166,163,59,1020.0,Fuerza,26.6,1.5,3,2,31.41,83,12.29
57,Female,78.4,162.0,185,149,52,677.0,Fuerza,31.7,2.0,4,2,29.87,61,11.1
39,Female,55.4,160.0,192,136,72,979.0,HIIT,26.3,1.6,3,2,21.64,86,11.38
44,Female,61.7,155.0,196,129,66,819.0,Fuerza,33.1,2.6,4,2,25.68,85,9.64
18,Male,87.6,193.0,161,139,72,1315.0,HIIT,11.9,3.5,4,3,23.52,103,12.77
52,Male,82.4,172.0,166,137,53,685.0,Fuerza,24.4,2.7,4,2,27.85,61,11.23
31,Female,42.3,160.0,163,163,70,888.0,Cardio,25.1,1.9,3,2,16.52,65,13.66
20,Male,82.7,199.0,179,146,59,1357.0,HIIT,14.6,3.5,5,3,20.88,101,13.44
22,Female,63.2,154.0,191,155,53,790.0,Cardio,29.5,2.4,4,2,26.65,61,12.95
31,Male,86.6,176.0,172,151,66,1071.0,Fuerza,28.9,3.3,3,2,27.96,77,13.91
56,Male,129.5,195.0,160,129,66,639.0,Fuerza,25.2,3.5,2,1,34.06,60,10.65
44,Male,98.0,183.0,194,130,56,824.0,Cardio,25.7,3.5,4,2,29.26,77,10.7
26,Male,86.2,168.0,189,157,72,1701.0,Fuerza,13.3,3.5,5,3,30.54,118,14.42
32,Female,59.0,166.0,184,160,64,408.0,Cardio,31.0,1.8,2,1,21.41,31,13.16
49,Female,45.2,174.0,164,156,73,870.0,Fuerza,30.8,2.1,3,2,14.93,74,11.76
56,Male,55.6,192.0,181,136,62,458.0,Fuerza,29.4,3.2,3,1,15.08,41,11.17
21,Male,125.2,166.0,196,159,60,1207.0,HIIT,29.8,3.4,3,2,45.43,83,14.54
40,Female,63.5,161.0,163,159,59,1041.0,Cardio,33.4,1.6,3,2,24.5,79,13.18
32,Female,70.5,162.0,177,122,58,756.0,Fuerza,28.4,1.8,2,1,26.86,74,10.22
46,Female,60.1,165.0,175,137,69,1042.0,Cardio,17.3,2.7,4,3,22.08,101,10.32
53,Male,94.1,195.0,177,138,50,608.0,HIIT,28.6,3.5,3,1,24.75,53,11.47
30,Female,79.2,162.0,181,166,66,1046.0,Cardio,28.0,2.5,4,2,30.18,76,13.76
49,Male,115.3,191.0,161,125,61,854.0,HIIT,29.2,3.2,2,1,31.61,83,10.29
24,Female,62.9,179.0,180,135,59,958.0,Cardio,27.3,2.3,4,2,19.63,85,11.27
39,Male,62.0,164.0,195,127,54,678.0,Cardio,27.5,3.2,3,1,23.05,58,11.69
45,Male,88.5,178.0,198,167,67,1265.0,HIIT,13.2,3.5,4,3,27.93,92,13.75
19,Female,73.9,177.0,198,137,64,877.0,Fuerza,32.5,2.6,3,2,23.59,77,11.39
59,Male,50.3,195.0,188,167,55,885.0,Fuerza,24.4,3.4,3,1,13.23,64,13.83
23,Male,83.1,180.0,185,162,56,624.0,Fuerza,29.3,3.1,3,1,25.65,42,14.86
45,Female,65.1,178.0,180,158,66,1038.0,Cardio,31.3,2.3,3,1,20.55,88,11.8
37,Male,103.5,189.0,175,168,57,499.0,Cardio,26.4,3.1,2,1,28.97,32,15.59
45,Male,113.4,171.0,190,129,63,530.0,Fuerza,24.0,2.3,2,1,38.78,50,10.6
56,Female,40.4,180.0,196,165,72,913.0,Cardio,30.0,2.1,4,2,12.47,74,12.34
50,Female,67.1,175.0,161,120,59,362.0,Cardio,31.8,2.7,3,1,21.91,40,9.05
18,Male,70.0,161.0,173,168,71,1201.0,Fuerza,23.9,2.5,2,1,27.01,78,15.4
44,Female,69.5,175.0,192,155,69,711.0,HIIT,27.6,2.1,3,1,22.69,61,11.66
30,Male,107.9,166.0,194,140,64,832.0,Cardio,29.5,2.8,3,2,39.16,65,12.8
20,Male,101.0,191.0,179,143,58,1070.0,Cardio,29.3,2.7,3,2,27.69,82,13.05
56,Male,88.5,185.0,161,144,59,1119.0,Cardio,11.0,3.5,4,3,25.86,94,11.9
23,Male,80.9,180.0,178,126,59,1074.0,Cardio,10.7,3.5,4,3,24.97,93,11.55
25,Female,43.1,162.0,196,161,65,837.0,HIIT,33.6,1.8,4,2,16.42,62,13.5
26,Female,54.0,153.0,175,148,54,844.0,Fuerza,26.9,1.7,3,1,23.07,68,12.41
54,Female,72.3,178.0,163,149,72,852.0,Cardio,27.7,1.8,2,1,22.82,76,11.21
41,Male,51.5,180.0,166,126,60,680.0,Fuerza,26.7,2.1,4,2,15.9,65,10.46
32,Male,87.9,188.0,173,143,64,1195.0,Cardio,11.6,3.5,5,3,24.87,91,13.13
49,Female,42.0,152.0,171,130,70,644.0,HIIT,28.8,2.2,3,1,18.18,66,9.76
41,Male,64.8,171.0,164,131,54,778.0,Fuerza,22.5,2.8,3,2,22.16,72,10.81
58,Female,63.0,178.0,176,154,73,1095.0,HIIT,17.5,2.7,4,3,19.88,95,11.53
56,Female,52.9,164.0,169,155,53,767.0,Cardio,27.4,2.3,3,2,19.67,66,11.62
20,Male,128.2,184.0,164,132,58,603.0,HIIT,26.2,2.3,3,1,37.87,50,12.06
54,Male,83.6,186.0,168,142,56,1082.0,HIIT,12.4,3.5,5,3,24.16,92,11.76
34,Female,56.2,177.0,192,138,59,1249.0,Cardio,17.3,2.7,5,3,17.94,109,11.46
19,Male,87.8,178.0,195,161,72,1133.0,Cardio,23.6,3.3,2,1,27.71,77,14.71
19,Male,85.9,185.0,195,156,62,1424.0,Fuerza,12.9,3.5,4,3,25.1,100,14.24
45,Male,51.1,187.0,177,158,57,1126.0,Cardio,26.2,3.4,4,2,14.61,86,13.09
40,Female,57.4,171.0,168,143,61,1337.0,Fuerza,18.3,2.7,5,3,19.63,112,11.94
54,Male,114.9,192.0,188,135,71,802.0,HIIT,20.7,2.6,4,2,31.17,72,11.14
49,Female,62.1,166.0,173,152,73,937.0,HIIT,31.3,1.8,3,2,22.54,82,11.43
36,Male,69.2,165.0,165,126,65,852.0,Fuerza,27.2,2.7,3,1,25.42,74,11.51
19,Female,65.2,152.0,188,130,71,800.0,Cardio,30.6,2.4,3,1,28.22,74,10.81
43,Male,108.6,173.0,174,150,66,988.0,Cardio,28.5,2.2,2,1,36.29,80,12.35
23,Female,41.9,158.0,163,132,67,370.0,HIIT,26.8,1.8,3,1,16.78,34,10.88
49,Female,68.3,152.0,177,150,60,979.0,Fuerza,29.4,1.8,4,2,29.56,87,11.25
21,Male,88.4,160.0,198,121,67,1138.0,HIIT,12.0,3.5,4,3,34.53,103,11.05
28,Male,66.0,190.0,175,158,56,1025.0,HIIT,24.1,3.0,3,1,18.28,71,14.44
34,Male,71.9,164.0,170,134,67,929.0,Cardio,21.3,2.1,4,2,26.73,76,12.22
55,Male,75.6,171.0,173,130,57,663.0,Fuerza,28.1,2.0,4,2,25.85,62,10.69
41,Female,63.4,159.0,162,153,55,1267.0,HIIT,15.2,2.7,5,3,25.08,110,11.52
23,Male,83.8,199.0,179,130,71,1280.0,Cardio,11.0,3.5,4,3,21.16,107,11.96
33,Female,65.3,171.0,172,135,74,796.0,HIIT,29.7,2.5,4,2,22.33,71,11.21
23,Female,78.6,173.0,192,156,56,1147.0,HIIT,32.3,1.5,4,2,26.26,88,13.03
33,Female,78.0,171.0,187,136,58,734.0,Cardio,26.3,2.1,3,1,26.67,65,11.29
46,Female,58.0,153.0,196,140,62,1153.0,Cardio,18.4,2.7,4,3,24.78,110,10.48
20,Female,71.3,169.0,167,163,52,1043.0,Fuerza,33.4,2.3,3,2,24.96,77,13.55
53,Female,78.3,165.0,164,126,50,703.0,HIIT,33.7,1.6,3,1,28.76,74,9.5
36,Female,57.3,164.0,164,157,70,887.0,Fuerza,25.3,1.8,4,2,21.3,68,13.04
43,Female,48.4,161.0,190,127,69,732.0,Cardio,34.1,2.4,2,1,18.67,77,9.51
20,Male,76.4,162.0,168,132,51,980.0,Cardio,21.2,2.6,4,2,29.11,81,12.1
36,Male,110.2,177.0,191,156,74,1021.0,HIIT,26.5,3.4,2,1,35.18,71,14.38
37,Female,72.9,176.0,192,121,52,732.0,Fuerza,27.5,1.9,3,2,23.53,73,10.03
49,Male,82.1,186.0,162,160,64,1481.0,Fuerza,14.2,3.5,4,3,23.73,112,13.22
24,Female,58.9,176.0,189,130,73,410.0,HIIT,30.1,1.7,3,1,19.01,38,10.79
58,Male,82.2,187.0,171,143,55,1111.0,HIIT,10.7,3.5,4,3,23.51,94,11.82
50,Male,96.7,172.0,188,125,62,903.0,Fuerza,25.7,2.7,3,2,32.69,88,10.26
57,Male,81.4,186.0,162,145,70,1292.0,Cardio,12.0,3.5,5,3,23.53,108,11.96
35,Female,65.8,162.0,189,158,69,790.0,Cardio,33.8,1.5,4,2,25.07,60,13.17
57,Female,68.5,156.0,168,138,68,900.0,HIIT,29.1,1.6,4,2,28.15,87,10.34
18,Female,63.9,159.0,185,125,50,1169.0,Fuerza,16.4,2.7,4,3,25.28,112,10.44
28,Male,76.3,162.0,161,162,70,1034.0,Fuerza,20.1,2.3,3,2,29.07,70,14.77
42,Female,50.7,175.0,163,162,51,940.0,Fuerza,29.0,1.9,3,2,16.56,77,12.21
48,Male,73.7,161.0,172,121,63,815.0,Cardio,21.8,3.6,4,2,28.43,82,9.94
47,Male,55.6,177.0,198,138,68,820.0,Cardio,24.3,2.9,4,2,17.75,72,11.39
59,Male,86.9,176.0,194,123,60,688.0,Fuerza,29.8,3.1,3,2,28.05,68,10.12
52,Female,60.3,168.0,182,125,64,900.0,Fuerza,16.5,2.7,4,3,21.36,96,9.38
24,Female,40.4,164.0,168,168,55,832.0,HIIT,31.0,1.9,2,1,15.02,59,14.1
33,Female,78.5,166.0,161,156,69,1006.0,HIIT,32.8,1.9,4,2,28.49,77,13.06
43,Male,102.6,172.0,190,147,58,597.0,Fuerza,27.5,2.0,2,1,34.68,49,12.18
19,Male,110.8,191.0,161,149,54,1074.0,Fuerza,23.3,2.9,2,1,30.37,79,13.59
18,Female,60.9,179.0,191,126,69,699.0,Cardio,31.1,2.1,2,1,19.01,67,10.43
29,Male,55.7,161.0,177,128,51,993.0,Fuerza,28.7,2.3,3,1,21.49,85,11.68
22,Male,110.5,192.0,172,144,55,919.0,HIIT,20.2,3.3,3,2,29.98,70,13.13
54,Male,55.2,171.0,164,152,67,579.0,Cardio,24.4,2.8,2,1,18.88,46,12.59
26,Female,70.9,166.0,184,125,68,506.0,HIIT,28.9,1.7,3,1,25.73,49,10.33
58,Male,74.6,175.0,193,137,58,739.0,HIIT,24.2,2.9,2,1,24.36,65,11.37
52,Male,45.1,172.0,196,129,70,594.0,Cardio,27.5,3.3,2,1,15.24,56,10.61
33,Male,117.0,161.0,166,130,55,744.0,HIIT,25.1,2.4,3,2,45.14,62,12.0
20,Female,75.9,173.0,165,152,63,1056.0,Fuerza,30.6,2.1,4,2,25.36,83,12.72
37,Female,71.2,164.0,162,120,73,666.0,HIIT,29.9,1.7,3,2,26.47,67,9.94
41,Male,78.8,172.0,172,132,62,660.0,Cardio,27.3,3.1,4,2,26.64,61,10.82
50,Male,50.6,169.0,162,156,60,1012.0,Cardio,23.8,3.0,2,1,17.72,79,12.81
41,Male,82.5,179.0,185,139,61,1163.0,Cardio,14.7,3.5,4,3,25.75,101,11.51
28,Male,108.5,179.0,183,120,68,878.0,HIIT,24.8,2.1,4,2,33.86,80,10.98
53,Male,125.1,191.0,171,137,70,353.0,Fuerza,28.3,3.1,2,1,34.29,31,11.39
55,Female,79.7,166.0,195,160,68,763.0,Cardio,27.8,1.9,2,1,28.92,64,11.92
37,Female,54.6,157.0,170,150,62,982.0,Fuerza,32.1,2.4,3,1,22.15,79,12.43
52,Female,47.8,154.0,198,146,63,880.0,Cardio,29.8,1.9,3,2,20.16,80,11.0
42,Male,97.9,191.0,193,136,73,680.0,Fuerza,29.0,2.8,3,2,26.84,61,11.15
52,Female,63.1,154.0,185,165,67,1010.0,Fuerza,34.8,1.8,3,2,26.61,82,12.32
46,Female,58.9,170.0,180,155,53,1060.0,Fuerza,17.1,2.7,4,3,20.38,91,11.65
35,Female,50.4,160.0,195,156,59,803.0,Cardio,29.1,1.9,4,2,19.69,62,12.95
19,Female,58.8,177.0,181,136,53,952.0,HIIT,32.8,2.7,2,1,18.77,84,11.33
52,Male,105.2,162.0,189,141,61,949.0,HIIT,27.6,3.2,3,1,40.09,82,11.57
58,Female,65.2,163.0,167,121,53,610.0,HIIT,25.4,2.0,3,2,24.54,67,9.1
53,Female,56.3,179.0,193,141,59,964.0,Fuerza,16.5,2.7,5,3,17.57,91,10.59
50,Male,90.0,170.0,168,124,74,497.0,Cardio,22.9,2.7,2,1,31.14,49,10.14
21,Female,60.0,170.0,179,123,52,1212.0,Fuerza,19.1,2.7,5,3,20.76,118,10.27
31,Female,63.1,164.0,184,125,51,962.0,Cardio,19.0,2.7,4,3,23.46,92,10.46
24,Female,42.0,175.0,174,144,55,598.0,Fuerza,31.8,2.3,3,1,13.71,50,11.96
20,Male,128.4,192.0,167,145,57,502.0,Cardio,26.1,2.0,2,1,34.83,38,13.21
34,Female,74.2,157.0,178,158,52,1161.0,Cardio,32.7,2.4,3,1,30.1,88,13.19
50,Male,89.6,168.0,182,139,74,1232.0,Cardio,12.2,3.5,5,3,31.75,107,11.51
29,Male,125.9,200.0,186,152,67,1137.0,Fuerza,24.7,3.1,4,2,31.48,82,13.87
39,Male,105.5,199.0,199,133,71,593.0,HIIT,26.4,2.5,2,1,26.64,49,12.1
39,Male,93.4,170.0,191,155,50,938.0,Fuerza,21.1,2.5,4,2,32.32,66,14.21
47,Male,82.1,184.0,185,136,65,922.0,Fuerza,24.4,3.4,4,2,24.25,82,11.24
55,Male,128.4,168.0,178,165,52,923.0,Cardio,20.4,2.6,4,2,45.49,68,13.57
25,Male,112.4,196.0,188,135,72,1054.0,Cardio,23.2,2.5,2,1,29.26,85,12.4
44,Female,77.7,179.0,198,165,53,1047.0,HIIT,28.1,2.2,3,1,24.25,85,12.32
44,Male,89.3,199.0,192,135,58,936.0,HIIT,26.3,2.0,4,2,22.55,84,11.14
38,Female,59.1,172.0,196,148,68,792.0,Cardio,31.3,1.7,3,2,19.98,64,12.38
47,Female,49.9,169.0,178,147,64,979.0,HIIT,26.0,1.7,3,2,17.47,89,11.0
50,Male,101.7,167.0,192,127,57,333.0,HIIT,20.9,2.9,2,1,36.47,32,10.41
45,Male,93.0,191.0,175,143,55,729.0,Cardio,27.3,3.7,3,2,25.49,62,11.76
50,Male,87.4,160.0,182,122,67,465.0,Fuerza,23.2,3.1,2,1,34.14,46,10.11
22,Female,55.1,161.0,166,144,68,1166.0,HIIT,19.9,2.7,4,3,21.26,97,12.02
36,Male,123.7,169.0,185,138,73,987.0,Cardio,20.4,2.1,4,2,43.31,78,12.65
21,Female,61.3,157.0,191,152,64,1474.0,HIIT,17.2,2.7,4,3,24.87,116,12.71
34,Female,69.2,153.0,167,134,59,911.0,HIIT,28.5,2.1,2,1,29.56,82,11.11
45,Male,81.4,161.0,164,141,55,796.0,Cardio,30.0,2.2,4,2,31.4,68,11.71
47,Male,84.8,186.0,187,129,63,1181.0,HIIT,14.4,3.5,5,3,24.51,111,10.64
52,Female,64.9,151.0,164,165,68,1359.0,HIIT,18.2,2.7,4,3,28.46,110,12.35
58,Male,109.7,175.0,181,168,54,840.0,HIIT,22.1,2.7,2,1,35.82,61,13.77
46,Female,63.1,161.0,187,152,68,684.0,Fuerza,34.7,2.2,4,2,24.34,60,11.4
48,Female,62.9,158.0,192,124,69,1105.0,Fuerza,20.0,2.7,4,3,25.2,119,9.29
50,Female,66.3,157.0,192,132,73,742.0,HIIT,31.6,1.6,2,1,26.9,75,9.89
38,Male,61.3,197.0,177,146,51,1100.0,Cardio,23.5,2.8,3,1,15.8,82,13.41
49,Female,44.1,165.0,189,133,74,694.0,HIIT,26.7,1.8,4,2,16.2,70,9.91
40,Male,63.8,162.0,185,143,72,1022.0,HIIT,20.8,3.4,2,1,24.31,78,13.1
50,Female,55.4,155.0,175,122,65,1016.0,Fuerza,18.5,2.7,4,3,23.06,111,9.15
20,Female,74.7,158.0,172,166,62,863.0,Fuerza,32.8,2.4,3,2,29.92,62,13.92
35,Female,78.0,167.0,198,168,57,949.0,Fuerza,33.3,2.5,4,2,27.97,68,13.96
48,Male,69.0,174.0,160,167,58,1223.0,HIIT,30.0,2.3,3,2,22.79,89,13.74
20,Female,75.8,178.0,197,133,53,944.0,HIIT,27.4,2.0,4,2,23.92,85,11.11
57,Female,75.7,163.0,161,131,60,407.0,Cardio,32.6,2.3,3,1,28.49,41,9.93
41,Female,71.2,164.0,165,147,54,939.0,HIIT,30.9,2.3,3,2,26.47,85,11.05
49,Male,85.0,168.0,197,163,74,1468.0,HIIT,11.3,3.5,4,3,30.12,109,13.47
39,Female,63.6,156.0,183,148,66,903.0,Fuerza,34.8,2.4,2,1,26.13,73,12.37
40,Male,73.2,194.0,177,162,69,722.0,Fuerza,29.0,2.4,2,1,19.45,49,14.73
19,Female,48.3,152.0,186,136,56,653.0,Fuerza,26.3,1.6,2,1,20.91,58,11.26
44,Female,42.8,178.0,167,159,64,1066.0,Fuerza,25.3,2.6,3,2,13.51,89,11.98
59,Male,88.1,176.0,187,168,74,1123.0,Fuerza,26.9,3.0,3,2,28.44,81,13.86
19,Female,72.4,175.0,169,140,64,840.0,Cardio,31.0,1.7,4,2,23.64,72,11.67
43,Male,73.2,188.0,176,142,63,822.0,Cardio,29.4,3.3,3,1,20.71,70,11.74
34,Male,110.5,186.0,188,139,62,1086.0,Cardio,22.3,3.6,2,1,31.94,85,12.78
57,Female,46.1,176.0,165,130,60,842.0,Fuerza,25.8,1.7,3,2,14.88,86,9.79
26,Female,59.3,151.0,181,129,71,1096.0,Fuerza,15.1,2.7,5,3,26.01,102,10.75
56,Female,45.1,173.0,165,129,73,482.0,Fuerza,25.4,2.6,3,1,15.07,50,9.64
46,Male,45.0,177.0,185,162,58,1187.0,Cardio,29.1,3.6,3,2,14.36,89,13.34
59,Male,89.4,162.0,198,125,59,885.0,Fuerza,23.5,3.6,3,2,34.06,86,10.29
43,Male,127.7,169.0,171,155,53,875.0,Cardio,24.1,2.9,3,2,44.71,68,12.87
52,Male,70.9,172.0,194,143,66,927.0,Fuerza,20.2,2.6,3,2,23.97,79,11.73
42,Female,49.2,150.0,173,131,63,678.0,HIIT,27.7,1.5,3,2,21.87,69,9.83
24,Female,69.7,175.0,166,146,60,1029.0,Cardio,32.5,2.0,3,1,22.76,85,12.11
53,Female,56.9,159.0,199,164,65,1100.0,HIIT,29.5,2.0,3,2,22.51,89,12.36
18,Female,72.7,155.0,172,125,56,525.0,Cardio,29.8,2.0,3,1,30.26,50,10.5
25,Male,76.5,196.0,180,120,59,442.0,Fuerza,23.2,2.3,3,1,19.91,40,11.05
33,Male,113.6,199.0,169,125,58,949.0,Fuerza,28.4,3.4,2,1,28.69,83,11.43
31,Female,62.5,162.0,168,169,74,1318.0,HIIT,16.5,2.7,4,3,23.81,94,14.02
40,Male,51.7,182.0,161,160,71,792.0,Fuerza,21.4,3.0,3,1,15.61,54,14.67
32,Male,105.3,167.0,184,143,72,448.0,Cardio,26.9,2.9,3,1,37.76,34,13.18
45,Female,71.2,168.0,172,144,63,888.0,Fuerza,34.1,1.6,3,1,25.23,82,10.83
51,Female,78.1,151.0,193,134,74,555.0,Fuerza,31.1,2.6,3,1,34.25,55,10.09
40,Female,62.6,153.0,197,143,73,1380.0,Cardio,18.1,2.7,5,3,26.74,116,11.9
39,Female,60.6,165.0,162,167,63,768.0,HIIT,27.6,1.7,3,1,22.26,55,13.96
42,Male,76.4,197.0,165,157,65,886.0,HIIT,22.9,2.6,3,2,19.69,68,13.03
39,Female,63.3,171.0,178,125,56,1175.0,Fuerza,18.5,2.7,4,3,21.65,113,10.4
39,Female,68.6,164.0,162,154,53,1024.0,Cardio,32.4,1.5,3,2,25.51,80,12.8
59,Male,123.3,188.0,177,161,67,1036.0,HIIT,23.0,2.6,4,2,34.89,78,13.28
23,Male,107.0,194.0,198,120,73,891.0,HIIT,23.5,2.9,2,1,28.43,81,11.0
32,Male,68.3,192.0,168,165,54,1289.0,Fuerza,29.9,3.5,2,1,18.53,85,15.16
54,Female,47.8,160.0,171,155,55,830.0,Cardio,26.0,2.3,4,2,18.67,71,11.69
50,Female,58.4,179.0,164,131,56,943.0,HIIT,17.0,2.7,4,3,18.23,96,9.82
56,Male,125.5,180.0,189,131,73,817.0,Fuerza,20.9,2.7,4,2,38.73,76,10.75
21,Female,55.2,155.0,163,161,53,1103.0,Fuerza,31.7,1.7,4,2,22.98,82,13.45
23,Female,71.4,172.0,164,169,74,1056.0,Fuerza,25.6,1.5,2,1,24.13,75,14.08
49,Male,77.7,161.0,160,158,50,806.0,Fuerza,26.7,3.4,3,2,29.98,62,13.0
47,Male,88.4,160.0,186,126,60,1160.0,HIIT,14.2,3.5,5,3,34.53,112,10.36
52,Male,104.8,199.0,187,130,67,598.0,Cardio,24.0,2.0,2,1,26.46,56,10.68
57,Male,82.2,169.0,188,155,63,882.0,Fuerza,25.2,3.4,4,2,28.78,69,12.78
33,Female,68.2,175.0,177,150,71,638.0,Fuerza,29.0,1.7,2,1,22.27,51,12.51
30,Male,91.4,199.0,171,152,60,1145.0,HIIT,23.0,3.7,3,2,23.08,82,13.96
59,Female,42.1,165.0,172,132,59,725.0,Fuerza,33.0,2.2,2,1,15.46,73,9.93
47,Female,68.7,176.0,161,137,66,845.0,Fuerza,27.7,2.4,3,2,22.18,82,10.3
36,Female,47.2,174.0,196,160,53,1200.0,Cardio,32.2,1.6,4,2,15.59,90,13.33
36,Male,56.2,195.0,183,128,64,767.0,Fuerza,22.5,3.4,4,2,14.78,65,11.8
45,Male,58.4,172.0,194,150,65,973.0,HIIT,23.4,3.1,4,2,19.74,79,12.32
43,Male,82.9,195.0,181,160,70,1505.0,Cardio,12.9,3.5,5,3,21.8,114,13.2
54,Female,66.9,174.0,195,129,62,720.0,HIIT,29.5,2.1,2,1,22.1,74,9.73
43,Male,66.3,185.0,170,121,58,707.0,Cardio,27.5,3.2,2,1,19.37,71,9.96
40,Male,93.6,193.0,188,157,60,1192.0,Cardio,22.1,2.0,3,1,25.13,83,14.36
26,Female,64.1,150.0,194,134,60,1293.0,Fuerza,15.1,2.7,5,3,28.49,116,11.15
29,Male,86.7,162.0,174,122,55,1020.0,Fuerza,13.9,3.5,4,3,33.04,91,11.21
18,Female,62.0,159.0,190,162,50,996.0,Fuerza,33.2,2.2,4,2,24.52,74,13.46
49,Female,69.3,162.0,191,122,62,626.0,HIIT,28.8,1.9,4,2,26.41,68,9.21
42,Female,42.7,174.0,161,130,71,608.0,Fuerza,32.9,1.6,3,1,14.1,62,9.81
18,Female,67.4,160.0,182,164,71,492.0,Fuerza,33.5,2.4,3,1,26.33,36,13.67
22,Male,102.1,185.0,190,157,67,1278.0,Cardio,28.1,2.4,4,2,29.83,89,14.36
39,Male,61.9,177.0,199,166,69,1205.0,Fuerza,25.3,2.3,3,1,19.76,79,15.25
46,Male,108.8,164.0,185,169,63,1171.0,Fuerza,20.5,3.4,3,1,40.45,84,13.94
29,Male,81.7,199.0,162,126,54,1005.0,Fuerza,29.4,3.2,2,1,20.63,87,11.55
33,Male,81.8,199.0,184,137,51,1198.0,Fuerza,10.5,3.5,4,3,20.66,95,12.61
54,Male,54.6,176.0,160,137,56,868.0,Cardio,27.4,3.3,4,2,17.63,77,11.27
39,Male,107.7,188.0,162,160,59,634.0,Fuerza,28.1,3.6,2,1,30.47,43,14.74
46,Female,56.9,160.0,185,143,65,566.0,Cardio,27.7,1.6,3,1,22.23,53,10.68
31,Male,78.8,171.0,177,121,59,992.0,HIIT,24.7,2.5,4,2,26.95,89,11.15
45,Female,48.2,164.0,168,159,67,894.0,Fuerza,32.1,2.5,4,2,17.92,75,11.92
22,Female,50.7,159.0,197,139,66,883.0,Fuerza,29.4,1.8,3,2,20.05,76,11.62
47,Male,86.6,199.0,182,153,70,1500.0,Fuerza,10.6,3.5,4,3,21.87,119,12.61
22,Male,96.3,163.0,180,162,62,1203.0,Cardio,27.1,2.4,4,2,36.25,81,14.85
29,Male,80.8,198.0,160,145,50,1316.0,Fuerza,14.6,3.5,5,3,20.61,99,13.29
33,Female,58.0,153.0,180,126,50,1159.0,Fuerza,18.3,2.7,5,3,24.78,110,10.54
43,Female,61.5,158.0,165,149,50,1247.0,HIIT,16.8,2.7,5,3,24.64,112,11.13
38,Female,40.6,179.0,195,161,55,499.0,Cardio,26.8,2.7,2,1,12.67,37,13.49
53,Male,105.1,184.0,176,130,62,444.0,Cardio,23.3,2.9,3,1,31.04,41,10.83
47,Female,61.0,176.0,162,153,54,1060.0,HIIT,15.6,2.7,5,3,19.69,92,11.52
40,Male,58.2,198.0,198,138,74,1085.0,Cardio,24.0,2.5,3,2,14.85,86,12.62
27,Female,69.5,176.0,171,121,66,569.0,Fuerza,34.4,2.0,3,1,22.44,56,10.16
22,Male,62.2,184.0,161,140,65,393.0,Fuerza,21.5,2.3,3,1,18.37,31,12.68
53,Female,68.0,170.0,181,139,57,663.0,HIIT,25.1,2.4,4,2,23.53,64,10.36
51,Female,56.3,150.0,182,142,66,914.0,Cardio,27.4,2.4,3,1,25.02,86,10.63
48,Male,94.5,170.0,189,140,64,700.0,Cardio,28.2,3.5,3,2,32.7,61,11.48
27,Female,58.0,179.0,164,143,73,994.0,Cardio,27.1,1.5,2,1,18.1,83,11.98
36,Male,84.0,194.0,168,123,50,1218.0,HIIT,11.2,3.5,5,3,22.32,108,11.28
49,Male,61.0,187.0,180,131,61,739.0,Fuerza,21.3,3.0,4,2,17.44,68,10.87
22,Male,45.7,177.0,164,139,73,795.0,HIIT,20.7,2.4,3,1,14.59,62,12.82
33,Female,64.1,163.0,186,120,74,948.0,Fuerza,16.4,2.7,5,3,24.13,95,9.98
41,Male,67.0,177.0,161,149,50,900.0,HIIT,25.6,2.6,3,2,21.39,73,12.33
33,Male,106.5,160.0,183,152,74,1170.0,Fuerza,27.3,3.3,4,2,41.6,84,13.93
45,Female,65.5,157.0,192,133,59,395.0,Cardio,34.3,2.3,2,1,26.57,40,9.88
49,Male,105.7,164.0,198,155,59,921.0,Cardio,29.5,3.1,3,2,39.3,72,12.79
37,Female,69.5,150.0,196,130,66,448.0,Cardio,32.8,2.4,2,1,30.89,41,10.93
29,Male,68.0,170.0,190,150,60,627.0,HIIT,28.9,2.9,2,1,23.53,46,13.63
52,Male,50.3,178.0,170,132,67,555.0,HIIT,24.5,2.3,2,1,15.88,51,10.88
50,Female,69.3,168.0,182,135,51,729.0,HIIT,30.3,2.0,2,1,24.55,72,10.12
50,Male,86.7,163.0,161,143,58,1203.0,Cardio,12.1,3.5,4,3,32.63,102,11.79
54,Male,125.9,194.0,199,132,73,882.0,Fuerza,28.5,2.9,3,2,33.45,81,10.89
29,Male,88.1,193.0,186,143,66,1479.0,Cardio,11.1,3.5,5,3,23.65,113,13.09
20,Male,124.3,182.0,194,145,63,997.0,Cardio,22.4,3.2,3,2,37.53,75,13.29
18,Male,62.0,185.0,161,121,53,586.0,Fuerza,23.7,3.0,3,1,18.12,53,11.06
50,Female,69.7,172.0,198,135,66,753.0,Fuerza,27.3,2.0,4,2,23.56,74,10.18
57,Female,60.9,152.0,196,157,66,926.0,Fuerza,30.6,1.8,3,2,26.36,79,11.72
27,Male,76.5,197.0,180,165,61,1025.0,Fuerza,21.3,2.3,2,1,19.71,68,15.07
46,Male,94.7,182.0,164,120,69,873.0,Cardio,23.2,3.2,3,2,28.59,88,9.92
29,Male,121.1,187.0,188,130,52,937.0,HIIT,24.1,3.2,4,2,34.63,79,11.86
19,Male,98.6,170.0,197,162,74,740.0,Cardio,21.1,2.4,2,1,34.12,50,14.8
52,Female,68.2,163.0,179,148,67,779.0,Fuerza,27.5,2.4,3,1,25.67,70,11.13
40,Female,57.7,169.0,184,156,53,920.0,HIIT,33.1,2.4,4,2,20.2,71,12.96
34,Male,124.6,163.0,161,136,66,1055.0,HIIT,27.6,2.8,3,2,46.9,85,12.41
25,Female,59.4,151.0,185,161,54,1304.0,Cardio,19.8,2.7,5,3,26.05,97,13.44
46,Female,52.0,165.0,165,147,63,463.0,Cardio,34.1,1.9,2,1,19.1,42,11.02
43,Female,42.2,165.0,162,148,59,886.0,Cardio,34.6,2.3,3,2,15.5,80,11.08
27,Male,89.3,164.0,192,162,64,1622.0,HIIT,12.1,3.5,4,3,33.2,109,14.88
51,Female,66.2,158.0,164,129,65,499.0,HIIT,31.3,2.3,3,1,26.52,52,9.6
58,Male,58.6,166.0,172,161,60,964.0,HIIT,26.8,2.9,2,1,21.27,73,13.21
24,Male,51.0,167.0,178,133,72,710.0,Fuerza,21.3,2.8,3,1,18.29,58,12.24
28,Male,114.2,187.0,184,166,55,959.0,Fuerza,20.2,3.2,3,2,32.66,63,15.22
46,Male,54.4,172.0,194,161,73,725.0,Cardio,24.8,2.9,2,1,18.39,55,13.18
53,Female,52.4,157.0,171,149,71,898.0,HIIT,28.3,2.2,3,2,21.26,80,11.22
38,Male,83.6,174.0,164,151,51,1379.0,Cardio,11.6,3.5,5,3,27.61,100,13.79
27,Male,71.2,197.0,181,151,73,615.0,HIIT,25.9,3.6,3,1,18.35,44,13.98
26,Female,54.2,165.0,172,120,58,642.0,Cardio,34.9,1.9,4,2,19.91,64,10.03
41,Female,77.6,176.0,162,161,71,920.0,Fuerza,31.8,2.2,4,2,25.05,76,12.11
52,Female,44.1,162.0,179,121,61,768.0,HIIT,34.8,1.6,3,1,16.8,85,9.04
52,Male,85.5,180.0,190,136,66,1144.0,Fuerza,10.1,3.5,5,3,26.39,102,11.22
53,Female,47.8,176.0,164,149,74,711.0,HIIT,28.4,1.5,4,2,15.43,64,11.11
35,Male,102.5,194.0,183,158,64,730.0,Cardio,21.1,2.4,2,1,27.23,50,14.6
56,Male,118.0,190.0,199,126,68,412.0,HIIT,22.6,3.2,2,1,32.69,40,10.3
49,Male,82.3,184.0,192,146,71,932.0,Fuerza,28.4,3.4,4,2,24.31,77,12.1
41,Male,81.6,187.0,167,128,59,1185.0,HIIT,10.2,3.5,5,3,23.33,112,10.58
40,Male,60.2,188.0,183,141,61,946.0,Cardio,25.2,3.0,3,2,17.03,73,12.96
49,Female,49.2,154.0,179,153,63,881.0,HIIT,30.7,2.1,3,2,20.75,77,11.44
54,Female,46.6,150.0,175,165,58,1025.0,Fuerza,30.6,2.0,2,1,20.71,83,12.35
29,Female,68.7,172.0,171,168,62,907.0,Cardio,29.8,1.7,4,2,23.22,65,13.95
30,Female,60.6,155.0,172,120,52,780.0,Fuerza,32.9,1.6,3,2,25.22,78,10.0
40,Male,52.1,161.0,198,128,70,612.0,HIIT,21.3,3.3,2,1,20.1,52,11.77
52,Male,65.5,174.0,191,138,70,1011.0,Fuerza,26.2,2.8,4,2,21.63,89,11.36
58,Female,44.2,157.0,183,155,59,753.0,HIIT,31.9,2.3,3,1,17.93,65,11.58
37,Female,55.6,157.0,182,123,53,597.0,Cardio,29.2,2.4,2,1,22.56,58,10.29
39,Male,86.2,182.0,191,160,72,1725.0,Fuerza,10.2,3.5,5,3,26.02,118,14.62
30,Female,59.2,163.0,174,141,74,1304.0,Fuerza,17.8,2.7,4,3,22.28,111,11.75
53,Female,68.1,155.0,164,131,65,831.0,HIIT,26.1,2.2,4,2,28.35,85,9.78
29,Female,60.0,162.0,181,161,69,684.0,Fuerza,28.1,1.9,2,1,22.86,51,13.41
58,Female,74.8,169.0,175,162,53,933.0,Fuerza,32.8,2.3,4,2,26.19,77,12.12
36,Male,90.3,165.0,169,158,71,1199.0,Cardio,23.7,3.4,4,2,33.17,83,14.45
29,Male,86.1,165.0,183,128,71,1169.0,HIIT,11.2,3.5,4,3,31.63,100,11.69
24,Female,67.7,156.0,177,138,66,980.0,HIIT,27.0,2.1,3,2,27.82,85,11.53
45,Male,78.3,196.0,166,167,62,1066.0,Cardio,29.0,2.2,3,1,20.38,77,13.84
31,Female,48.2,165.0,163,166,60,913.0,Cardio,26.1,2.5,2,1,17.7,66,13.83
48,Female,56.8,151.0,185,126,52,777.0,HIIT,32.1,2.1,4,2,24.91,82,9.48
36,Male,112.4,163.0,164,135,58,757.0,Cardio,25.0,3.4,4,2,42.3,61,12.41
33,Female,59.0,167.0,175,124,55,558.0,Cardio,33.7,1.9,3,1,21.16,54,10.33
22,Male,98.4,188.0,194,135,71,386.0,Cardio,21.3,2.2,2,1,27.84,31,12.45
52,Male,66.5,160.0,185,120,70,796.0,HIIT,26.8,2.1,4,2,25.98,80,9.95
29,Male,106.5,181.0,177,156,60,1107.0,Cardio,25.7,2.5,4,2,32.51,77,14.38
53,Female,53.3,174.0,173,156,54,962.0,Fuerza,32.2,1.8,3,2,17.6,82,11.73
33,Female,74.2,176.0,192,145,66,834.0,Fuerza,25.9,1.5,4,2,23.95,69,12.09
56,Male,84.6,163.0,184,141,52,705.0,HIIT,20.2,2.9,4,2,31.84,61,11.56
59,Male,78.0,192.0,180,127,53,453.0,Cardio,28.1,2.7,3,1,21.16,43,10.53
31,Female,42.7,176.0,182,121,65,883.0,Fuerza,34.9,2.2,3,1,13.78,88,10.03
48,Male,83.9,182.0,176,149,70,1401.0,HIIT,13.1,3.5,5,3,25.33,114,12.29
22,Female,78.7,152.0,173,166,74,1204.0,Fuerza,31.5,2.3,3,2,34.06,87,13.84
52,Female,65.9,152.0,188,139,53,794.0,Cardio,27.0,2.3,4,2,28.52,76,10.45
46,Male,84.3,200.0,189,162,66,1467.0,HIIT,13.3,3.5,5,3,21.07,110,13.34
28,Female,62.4,160.0,178,129,62,710.0,Fuerza,34.1,1.7,3,2,24.37,66,10.76
35,Male,63.7,174.0,198,143,71,810.0,HIIT,29.8,2.7,4,2,21.04,62,13.06
29,Female,54.9,152.0,172,123,72,910.0,Fuerza,27.0,2.0,3,1,23.76,89,10.22
26,Male,76.4,179.0,177,156,73,1004.0,Fuerza,21.3,2.7,3,2,23.84,70,14.34
27,Male,106.4,186.0,182,123,50,907.0,Cardio,20.6,3.1,2,1,30.76,80,11.34
34,Female,68.4,150.0,192,132,61,904.0,Cardio,33.7,2.1,4,2,30.4,82,11.02
55,Male,63.5,186.0,198,144,53,969.0,Fuerza,22.9,2.9,4,2,18.35,82,11.82
30,Male,113.4,191.0,177,137,54,957.0,HIIT,22.2,3.7,3,1,31.08,76,12.59
57,Female,61.9,152.0,168,143,51,592.0,HIIT,28.4,2.6,3,1,26.79,55,10.76
59,Female,70.7,168.0,192,121,66,637.0,Cardio,34.9,1.9,3,2,25.05,70,9.1
44,Female,72.1,166.0,176,152,55,958.0,Fuerza,27.0,2.5,2,1,26.16,84,11.4
19,Male,56.9,187.0,178,138,70,463.0,Cardio,23.3,3.7,3,1,16.27,37,12.51
22,Male,86.2,190.0,186,128,58,1345.0,Fuerza,11.7,3.5,5,3,23.88,115,11.7
46,Male,59.4,168.0,165,147,62,844.0,Fuerza,20.2,2.5,4,2,21.05,70,12.06
54,Female,75.6,172.0,194,154,60,672.0,Cardio,26.4,1.9,3,1,25.55,58,11.59
36,Male,95.8,186.0,193,129,65,972.0,HIIT,21.2,3.2,3,1,27.69,82,11.85
25,Male,120.6,183.0,179,120,51,686.0,Cardio,22.3,2.5,3,2,36.01,62,11.06
39,Male,85.3,189.0,163,140,61,593.0,Fuerza,27.6,3.6,2,1,23.88,46,12.89
34,Male,68.0,168.0,169,128,57,472.0,Cardio,25.8,3.4,2,1,24.09,40,11.8
24,Female,52.6,157.0,169,166,60,1071.0,HIIT,31.9,2.4,2,1,21.34,77,13.91
42,Male,63.3,177.0,183,134,59,876.0,HIIT,25.7,3.3,3,2,20.2,79,11.09
21,Female,76.3,165.0,180,154,62,878.0,Fuerza,31.8,1.7,3,2,28.03,68,12.91
53,Male,61.0,163.0,170,124,74,331.0,Cardio,20.0,3.4,3,1,22.96,32,10.34
23,Female,67.8,161.0,186,160,66,1072.0,HIIT,34.3,1.8,2,1,26.16,80,13.4
48,Male,114.9,186.0,175,141,56,949.0,Cardio,21.1,3.6,3,1,33.21,82,11.57
36,Male,88.0,171.0,185,160,73,1646.0,HIIT,12.0,3.5,5,3,30.09,112,14.7
56,Female,67.7,158.0,189,142,52,927.0,Fuerza,32.7,1.9,2,1,27.12,87,10.66
44,Male,124.8,185.0,175,126,69,842.0,Fuerza,24.4,3.5,4,2,36.46,81,10.4
27,Female,53.0,158.0,166,142,62,895.0,Cardio,34.5,1.8,4,2,21.23,76,11.78
56,Female,50.6,170.0,175,146,58,848.0,Fuerza,33.1,2.3,2,1,17.51,77,11.01
20,Female,72.6,173.0,199,160,68,1016.0,HIIT,34.8,2.5,3,2,24.26,76,13.37
45,Male,52.5,188.0,194,153,71,818.0,Fuerza,29.0,2.9,4,2,14.85,65,12.58
37,Male,76.3,177.0,180,128,57,957.0,HIIT,27.3,2.1,4,2,24.35,82,11.67
45,Female,41.2,158.0,195,168,71,1111.0,HIIT,28.7,2.6,2,1,16.5,88,12.62
58,Female,49.7,167.0,191,125,72,776.0,Fuerza,31.9,2.3,4,2,17.82,83,9.35
56,Male,48.3,187.0,165,156,51,525.0,HIIT,29.8,3.3,3,1,13.81,41,12.8
18,Male,83.2,196.0,183,150,67,1510.0,HIIT,13.6,3.5,4,3,21.66,110,13.73
20,Male,120.5,173.0,186,153,67,850.0,Cardio,29.3,3.4,3,2,40.26,61,13.93
30,Male,121.6,200.0,179,160,60,1091.0,Cardio,28.0,3.3,4,2,30.4,74,14.74
42,Female,57.5,167.0,161,133,63,1053.0,Cardio,16.2,2.7,5,3,20.62,106,9.93
50,Female,42.7,153.0,168,155,65,983.0,Fuerza,28.4,2.4,4,2,18.24,85,11.56
49,Male,88.6,200.0,162,127,56,1150.0,Cardio,14.9,3.5,4,3,22.15,110,10.45
38,Female,49.7,151.0,179,145,65,906.0,HIIT,32.6,2.5,3,1,21.8,75,12.08
33,Female,56.4,154.0,165,155,63,822.0,Fuerza,29.2,1.5,3,1,23.78,64,12.84
38,Male,46.9,174.0,198,167,64,946.0,Fuerza,20.0,2.6,4,2,15.49,62,15.26
28,Female,71.3,167.0,192,140,63,1022.0,Fuerza,28.1,1.5,4,2,25.57,88,11.61
53,Male,82.3,161.0,196,123,60,1139.0,Fuerza,11.6,3.5,5,3,31.75,112,10.17
52,Female,70.6,169.0,165,135,65,826.0,HIIT,26.1,2.2,3,1,24.72,82,10.07
36,Male,109.8,162.0,193,141,68,651.0,HIIT,24.4,3.5,3,1,41.84,50,13.02
37,Female,73.5,169.0,174,131,66,354.0,Cardio,27.5,1.6,2,1,25.73,32,11.06
35,Male,85.6,185.0,185,135,55,1322.0,Fuerza,14.5,3.5,5,3,25.01,107,12.36
31,Female,63.2,180.0,166,157,66,463.0,Cardio,25.5,2.6,2,1,19.51,35,13.23
32,Female,62.6,163.0,190,161,58,1344.0,HIIT,15.0,2.7,5,3,23.56,100,13.44
48,Male,87.1,176.0,183,156,67,1398.0,Fuerza,11.6,3.5,5,3,28.12,109,12.83
18,Male,82.3,184.0,190,148,66,1408.0,HIIT,13.3,3.5,5,3,24.31,104,13.54
20,Female,64.3,178.0,188,137,61,1171.0,Cardio,18.7,2.7,4,3,20.29,103,11.37
33,Female,53.7,166.0,191,129,72,806.0,HIIT,29.5,2.5,3,1,19.49,75,10.75
40,Male,63.0,200.0,176,161,71,1257.0,Fuerza,26.8,2.9,4,2,15.75,85,14.79
28,Male,128.4,186.0,173,158,71,921.0,Fuerza,23.6,3.3,4,2,37.11,64,14.39
29,Male,88.0,189.0,199,137,54,1319.0,Cardio,13.3,3.5,5,3,24.64,105,12.56
27,Female,63.7,152.0,195,120,60,714.0,Fuerza,25.4,2.1,4,2,27.57,71,10.06
49,Male,83.7,187.0,183,158,53,1009.0,HIIT,23.9,2.3,4,2,23.94,77,13.1
33,Male,102.6,175.0,186,140,53,1078.0,HIIT,27.9,2.2,3,2,33.5,84,12.83
41,Male,82.8,166.0,177,139,74,1355.0,HIIT,11.2,3.5,5,3,30.05,118,11.48
45,Female,65.4,168.0,196,129,66,441.0,HIIT,35.0,2.6,3,1,23.17,46,9.59
25,Female,47.2,171.0,185,142,56,632.0,Cardio,26.0,2.5,2,1,16.14,53,11.92
53,Female,73.5,155.0,194,153,72,806.0,HIIT,26.3,2.1,4,2,30.59,70,11.51
43,Female,55.2,173.0,167,165,62,1240.0,Cardio,16.6,2.7,5,3,18.44,100,12.4
25,Female,64.4,171.0,179,167,61,935.0,HIIT,27.1,1.8,3,1,22.02,67,13.96
45,Female,73.5,174.0,181,152,50,807.0,Cardio,30.0,2.3,4,2,24.28,71,11.37
53,Male,68.5,197.0,194,139,69,894.0,HIIT,23.2,2.1,3,2,17.65,78,11.46
44,Male,94.6,184.0,170,120,67,748.0,HIIT,26.0,3.1,4,2,27.94,76,9.84
34,Female,54.2,152.0,190,132,60,746.0,Cardio,31.0,2.2,3,1,23.46,68,10.97
26,Male,47.7,177.0,198,120,69,759.0,Fuerza,24.8,2.7,3,2,15.23,69,11.0
50,Male,52.2,184.0,195,124,52,847.0,Fuerza,28.2,3.1,4,2,15.42,83,10.2
30,Male,101.0,168.0,182,134,61,1076.0,Fuerza,28.2,2.9,4,2,35.79,88,12.23
46,Female,47.9,172.0,171,147,57,933.0,Cardio,26.3,2.0,3,1,16.19,85,10.98
30,Female,51.5,174.0,174,150,64,810.0,Fuerza,33.9,2.0,3,2,17.01,65,12.46
52,Female,79.9,151.0,190,142,54,479.0,Fuerza,31.5,2.6,3,1,35.04,45,10.64
35,Female,78.9,164.0,196,164,70,1050.0,Cardio,25.3,2.6,4,2,29.34,77,13.64
22,Male,88.5,162.0,174,162,69,1675.0,Fuerza,10.7,3.5,5,3,33.72,113,14.82
42,Male,73.5,163.0,188,136,68,350.0,Fuerza,26.1,3.2,3,1,27.66,31,11.29
19,Male,127.9,193.0,185,168,70,1173.0,Fuerza,21.8,3.0,4,2,34.34,76,15.43
27,Male,88.5,198.0,161,153,53,1515.0,Cardio,11.1,3.5,4,3,22.57,108,14.03
47,Female,43.4,162.0,179,132,64,303.0,Cardio,25.3,2.3,3,1,16.54,31,9.77
22,Female,42.8,156.0,174,133,66,978.0,Fuerza,32.2,2.6,3,2,17.59,88,11.11
35,Male,59.2,166.0,197,161,59,1151.0,Fuerza,21.3,3.2,3,1,21.48,78,14.76
49,Female,78.9,173.0,182,151,64,938.0,Cardio,34.0,2.3,2,1,26.36,83,11.3
28,Female,78.7,163.0,185,154,59,847.0,Fuerza,31.7,1.8,3,2,29.62,66,12.83
38,Male,68.7,192.0,170,150,73,1081.0,Cardio,29.0,3.0,4,2,18.64,79,13.68
43,Female,53.1,159.0,187,136,72,502.0,Fuerza,29.5,2.5,2,1,21.0,49,10.24
42,Male,64.8,165.0,161,166,67,904.0,Cardio,24.4,2.8,3,2,23.8,66,13.7
39,Female,50.3,161.0,167,128,50,749.0,HIIT,32.8,2.5,2,1,19.41,70,10.7
30,Male,62.9,192.0,170,127,70,789.0,HIIT,25.2,3.6,2,1,17.06,68,11.6
51,Female,74.6,155.0,177,132,50,422.0,Cardio,33.3,2.1,2,1,31.05,43,9.81
58,Male,52.0,179.0,173,169,52,937.0,HIIT,29.6,3.0,3,1,16.23,67,13.99
18,Female,72.2,154.0,194,125,54,606.0,Fuerza,27.1,1.7,2,1,30.44,58,10.45
38,Male,85.8,180.0,168,149,68,1410.0,Cardio,10.1,3.5,4,3,26.48,103,13.69
23,Male,81.4,185.0,194,150,74,1320.0,Cardio,12.4,3.5,4,3,23.78,96,13.75
45,Female,50.9,165.0,170,136,50,887.0,Fuerza,30.1,2.3,2,1,18.7,87,10.2
34,Male,52.0,178.0,171,130,53,987.0,Fuerza,22.4,2.7,4,2,16.41,83,11.89
48,Male,80.6,177.0,198,167,66,1248.0,Cardio,12.9,3.5,4,3,25.73,91,13.71
55,Female,63.0,170.0,187,121,67,719.0,Fuerza,34.9,2.5,3,1,21.8,79,9.1
20,Male,111.0,194.0,170,156,50,875.0,Cardio,27.6,3.3,4,2,29.49,61,14.34
40,Female,52.6,166.0,198,120,71,762.0,Fuerza,32.9,1.7,3,2,19.09,76,10.03
27,Male,108.0,180.0,174,122,70,926.0,Cardio,28.6,2.5,4,2,33.33,83,11.16
36,Female,59.3,175.0,178,128,58,634.0,Fuerza,34.5,2.3,3,1,19.36,59,10.75
34,Male,75.7,194.0,181,141,72,915.0,Fuerza,29.3,2.4,4,2,20.11,71,12.89
30,Female,62.7,167.0,164,162,70,826.0,HIIT,26.1,2.6,4,2,22.48,61,13.54
21,Male,86.6,186.0,163,129,58,972.0,HIIT,21.8,2.6,3,2,25.03,82,11.85
18,Male,64.5,182.0,187,149,52,983.0,HIIT,23.4,2.4,3,2,19.47,72,13.65
51,Male,60.7,171.0,168,169,60,954.0,Fuerza,22.1,2.5,2,1,20.76,68,14.03
45,Female,57.2,155.0,194,121,58,909.0,Cardio,18.4,2.7,5,3,23.81,100,9.09
48,Female,73.0,159.0,196,149,64,798.0,Fuerza,32.0,2.1,3,2,28.88,71,11.24
25,Male,123.8,199.0,180,121,72,752.0,HIIT,25.6,2.6,3,1,31.26,68,11.06
56,Male,93.6,166.0,177,151,52,1024.0,Fuerza,29.0,2.2,2,1,33.97,82,12.49
51,Female,54.7,153.0,167,135,69,674.0,HIIT,26.8,2.0,4,2,23.37,67,10.06
20,Male,92.3,194.0,176,131,71,821.0,HIIT,24.3,2.1,3,2,24.52,68,12.07
29,Female,71.8,155.0,190,120,68,720.0,Cardio,26.3,2.4,4,2,29.89,72,10.0
18,Female,66.9,157.0,193,127,63,679.0,Cardio,30.7,2.2,3,2,27.14,64,10.61
22,Female,48.7,176.0,165,167,66,1144.0,HIIT,29.0,2.2,4,2,15.72,82,13.95
47,Male,66.2,171.0,181,169,71,1188.0,HIIT,22.8,2.9,3,1,22.64,85,13.98
47,Female,40.0,176.0,173,132,63,475.0,Fuerza,26.7,2.2,3,1,12.91,48,9.9
34,Male,112.4,185.0,162,134,66,870.0,HIIT,23.4,3.6,4,2,32.84,71,12.25
32,Male,84.0,174.0,195,127,63,1013.0,Fuerza,25.8,2.1,3,1,27.74,87,11.64
19,Male,82.4,196.0,174,169,62,1766.0,HIIT,10.1,3.5,5,3,21.45,114,15.49
28,Male,84.8,179.0,182,138,55,1025.0,Cardio,28.8,2.3,4,2,26.47,81,12.65
56,Male,109.6,166.0,188,166,66,1060.0,Cardio,20.5,3.1,3,2,39.77,77,13.77
51,Female,63.9,180.0,191,130,72,626.0,HIIT,33.7,2.7,4,2,19.72,64,9.78
55,Female,70.8,162.0,166,162,68,394.0,Fuerza,26.0,1.8,3,1,26.98,32,12.31
35,Female,55.3,156.0,187,139,56,1188.0,Fuerza,19.8,2.7,5,3,22.72,103,11.53
47,Male,73.9,180.0,173,140,50,942.0,Fuerza,28.3,3.7,3,1,22.81,82,11.49
32,Male,97.3,196.0,189,137,50,1025.0,HIIT,24.9,3.4,3,2,25.33,82,12.5
44,Female,60.4,165.0,176,169,54,966.0,HIIT,32.6,2.1,4,2,22.19,76,12.71
51,Male,49.3,161.0,191,129,55,868.0,Cardio,28.3,2.9,2,1,19.02,82,10.59
55,Male,91.8,178.0,165,153,65,1091.0,Cardio,23.5,3.4,3,1,28.97,86,12.69
50,Female,73.6,155.0,183,145,74,581.0,HIIT,33.9,2.1,3,1,30.63,53,10.96
32,Male,65.2,162.0,186,128,63,408.0,Cardio,25.3,3.4,2,1,24.84,35,11.66
47,Male,87.2,164.0,177,165,50,1634.0,Fuerza,15.0,3.5,4,3,32.42,120,13.62
34,Female,46.9,161.0,196,161,69,821.0,Fuerza,28.6,1.7,3,2,18.09,61,13.46
22,Female,72.1,162.0,183,123,59,849.0,HIIT,25.1,2.1,3,1,27.47,83,10.23
46,Female,62.5,154.0,197,125,73,906.0,Fuerza,18.1,2.7,4,3,26.35,97,9.34
27,Male,102.6,183.0,199,123,58,954.0,HIIT,26.5,3.5,3,2,30.64,85,11.22
27,Male,80.7,161.0,170,166,52,1598.0,Fuerza,14.3,3.5,4,3,31.13,105,15.22
37,Male,87.8,169.0,183,158,69,1573.0,HIIT,10.3,3.5,5,3,30.74,109,14.43
41,Male,74.3,161.0,160,136,51,714.0,Fuerza,24.8,3.5,4,2,28.66,64,11.16
22,Female,78.5,170.0,177,138,66,938.0,Fuerza,31.9,2.1,4,2,27.16,82,11.44
51,Female,77.3,158.0,171,168,68,733.0,Cardio,31.1,2.0,2,1,30.96,58,12.64
23,Female,64.5,170.0,187,125,72,319.0,Cardio,30.4,1.7,2,1,22.32,31,10.29
30,Female,77.9,177.0,166,130,62,916.0,Cardio,27.9,2.6,4,2,24.87,85,10.78
28,Female,69.6,158.0,182,135,50,1006.0,Cardio,27.8,2.0,3,2,27.88,89,11.3
40,Male,68.9,199.0,180,149,51,951.0,Cardio,25.0,2.4,4,2,17.4,70,13.59
33,Male,45.9,189.0,193,144,50,1148.0,Cardio,21.6,2.9,3,2,12.85,87,13.2
48,Female,68.2,169.0,170,159,73,537.0,HIIT,28.4,2.5,3,1,23.88,45,11.93
28,Female,79.6,159.0,181,130,54,968.0,HIIT,28.2,1.5,3,2,31.49,89,10.88
33,Female,53.6,152.0,194,126,73,643.0,Cardio,30.9,2.3,2,1,23.2,61,10.54
21,Male,74.2,193.0,187,141,56,1024.0,HIIT,28.3,2.5,3,2,19.92,79,12.96
57,Female,64.4,156.0,177,144,73,985.0,Cardio,17.8,2.7,5,3,26.46,91,10.82
21,Female,54.9,178.0,173,138,71,380.0,HIIT,31.7,2.0,2,1,17.33,33,11.52
42,Male,50.3,164.0,177,150,62,468.0,Fuerza,27.0,2.4,3,1,18.7,38,12.32
20,Female,46.5,168.0,187,145,72,660.0,HIIT,27.9,2.4,2,1,16.48,55,12.0
49,Male,57.8,199.0,183,161,67,741.0,HIIT,24.7,3.1,3,1,14.6,56,13.23
44,Male,82.5,179.0,167,155,70,1159.0,HIIT,13.8,3.5,5,3,25.75,91,12.74
49,Female,70.2,167.0,186,166,50,695.0,Fuerza,32.5,1.8,3,1,25.17,56,12.41
36,Male,121.9,193.0,195,132,54,1082.0,Cardio,21.8,3.4,3,2,32.73,89,12.16
22,Female,40.3,156.0,192,121,57,877.0,HIIT,30.8,2.1,4,2,16.56,87,10.08
35,Male,101.4,176.0,193,121,64,559.0,HIIT,23.6,2.9,2,1,32.74,50,11.18
59,Female,75.8,177.0,167,128,53,841.0,Fuerza,33.1,1.8,3,1,24.19,88,9.56
39,Male,71.7,188.0,198,147,51,445.0,Cardio,23.7,2.2,2,1,20.29,33,13.48
38,Female,57.7,156.0,185,132,54,1082.0,HIIT,16.6,2.7,5,3,23.71,98,11.04
23,Female,47.4,160.0,196,154,50,585.0,Fuerza,33.5,1.6,3,1,18.52,46,12.72
18,Female,57.2,175.0,193,160,74,1032.0,Cardio,33.5,2.4,3,2,18.68,77,13.4
22,Female,44.8,172.0,166,132,54,977.0,Cardio,28.6,1.8,4,2,15.14,89,10.98
58,Male,90.2,172.0,199,150,55,668.0,HIIT,28.3,2.1,2,1,30.49,54,12.37
43,Male,95.7,177.0,198,151,50,807.0,HIIT,24.2,3.4,3,1,30.55,65,12.42
51,Male,59.0,165.0,198,153,53,924.0,HIIT,20.7,2.3,3,2,21.67,73,12.66
31,Female,60.5,177.0,187,127,56,1092.0,HIIT,15.0,2.7,4,3,19.31,103,10.6
43,Female,53.8,172.0,173,160,71,742.0,Fuerza,30.2,2.3,4,2,18.19,62,11.97
26,Female,72.8,167.0,163,121,50,829.0,Fuerza,35.0,1.9,2,1,26.1,82,10.11
43,Female,66.3,177.0,177,157,57,1046.0,HIIT,32.7,1.7,4,2,21.16,89,11.75
47,Male,45.9,193.0,166,159,65,1015.0,Cardio,29.6,2.0,3,2,12.32,77,13.18
43,Male,94.0,179.0,187,156,62,1012.0,HIIT,23.2,3.4,2,1,29.34,79,12.81
18,Male,63.2,163.0,162,120,73,436.0,Cardio,27.5,2.2,3,1,23.79,40,10.9
25,Male,95.6,190.0,190,160,72,1294.0,Cardio,23.8,2.4,4,2,26.48,88,14.7
32,Male,85.3,164.0,178,123,69,1197.0,Cardio,13.2,3.5,4,3,31.71,106,11.29
39,Male,59.7,183.0,170,154,59,1143.0,Fuerza,29.1,2.3,4,2,17.83,81,14.11
43,Female,72.7,180.0,162,166,50,590.0,Cardio,32.8,2.1,3,1,22.44,47,12.55
45,Female,50.4,179.0,182,130,59,433.0,Cardio,27.7,2.5,2,1,15.73,44,9.84
31,Male,49.3,162.0,182,157,52,484.0,Fuerza,20.0,3.2,2,1,18.79,34,14.24
19,Female,49.1,168.0,193,164,58,1164.0,Cardio,25.3,2.6,4,2,17.4,85,13.69
31,Male,75.5,193.0,168,135,68,446.0,Cardio,20.5,3.4,2,1,20.27,36,12.39
24,Male,88.2,179.0,177,154,65,1491.0,HIIT,11.3,3.5,4,3,27.53,106,14.07
35,Male,62.8,163.0,184,160,63,1241.0,Cardio,21.9,3.7,4,2,23.64,85,14.6
55,Male,84.7,179.0,178,122,52,719.0,Cardio,23.3,2.4,3,2,26.43,71,10.13
52,Male,116.5,169.0,198,148,51,388.0,Cardio,27.3,2.4,2,1,40.79,32,12.12
32,Male,77.4,192.0,174,137,50,1047.0,Cardio,26.7,3.3,3,2,21.0,83,12.61
54,Female,58.4,159.0,186,166,73,807.0,Cardio,32.5,1.9,2,1,23.1,65,12.42
27,Male,89.3,187.0,169,153,62,1363.0,Fuerza,12.7,3.5,5,3,25.54,97,14.05
34,Female,59.0,162.0,178,150,56,847.0,Cardio,30.9,2.4,4,2,22.48,68,12.46
56,Male,58.7,186.0,187,159,65,858.0,Cardio,22.6,3.3,3,2,16.97,65,13.2
39,Male,127.5,182.0,180,161,70,1116.0,Fuerza,29.8,3.0,3,2,38.49,76,14.68
42,Female,56.7,153.0,192,149,74,717.0,Fuerza,27.4,1.9,3,1,24.22,64,11.2
30,Female,61.6,152.0,178,138,71,1228.0,Cardio,19.5,2.7,4,3,26.66,107,11.48
42,Male,79.3,193.0,181,147,50,888.0,Cardio,27.3,3.3,2,1,21.29,73,12.16
21,Female,72.6,168.0,162,127,70,756.0,Cardio,34.2,1.8,3,2,25.72,71,10.65
27,Male,76.7,170.0,196,150,56,792.0,HIIT,29.1,2.1,3,1,26.54,58,13.66
20,Female,44.2,161.0,177,122,69,659.0,HIIT,32.4,2.5,2,1,17.05,65,10.14
35,Male,100.9,163.0,161,163,59,986.0,Cardio,28.4,3.1,2,1,37.98,66,14.94
53,Female,55.8,155.0,171,141,54,711.0,Fuerza,27.0,1.8,4,2,23.23,67,10.61
39,Male,58.3,193.0,165,136,58,1010.0,Cardio,27.4,3.7,4,2,15.65,81,12.47
51,Male,48.6,177.0,199,155,74,1128.0,Fuerza,26.9,3.5,2,1,15.51,88,12.82
36,Female,60.0,172.0,161,128,51,1043.0,Fuerza,18.2,2.7,5,3,20.28,98,10.64
59,Male,126.4,169.0,168,149,68,915.0,Fuerza,29.5,2.9,3,1,44.26,74,12.36
58,Female,75.4,178.0,161,140,63,662.0,Cardio,26.0,2.5,4,2,23.8,63,10.51
23,Female,65.2,162.0,192,156,59,1069.0,Cardio,31.1,2.5,3,2,24.84,82,13.04
43,Female,70.1,166.0,169,151,58,673.0,Fuerza,34.6,2.6,2,1,25.44,59,11.41
51,Male,102.6,177.0,193,130,59,779.0,HIIT,21.0,3.4,2,1,32.75,73,10.67
23,Male,107.2,193.0,167,139,55,879.0,HIIT,20.2,3.1,4,2,28.78,69,12.74
54,Female,56.5,175.0,196,154,66,1220.0,HIIT,15.3,2.7,5,3,18.45,106,11.51
50,Female,61.6,175.0,192,166,74,911.0,Fuerza,25.5,2.2,4,2,20.11,73,12.48
39,Male,81.7,175.0,165,165,55,1198.0,Cardio,29.1,2.8,4,2,26.68,79,15.16
23,Male,116.8,179.0,178,127,69,698.0,Fuerza,26.8,3.4,4,2,36.45,60,11.63
23,Female,60.1,159.0,191,123,52,1107.0,HIIT,17.6,2.7,4,3,23.77,108,10.25
21,Male,93.7,173.0,186,146,72,803.0,Cardio,27.8,3.6,2,1,31.31,60,13.38
47,Male,127.1,176.0,199,157,73,552.0,Fuerza,24.9,3.0,2,1,41.03,43,12.84
48,Female,69.1,160.0,191,166,53,1001.0,Fuerza,26.1,2.0,4,2,26.99,80,12.51
20,Female,71.3,158.0,167,167,54,893.0,HIIT,25.4,1.5,3,2,28.56,64,13.95
57,Male,96.3,186.0,168,146,74,795.0,Fuerza,27.6,2.2,3,2,27.84,66,12.05
54,Female,67.5,154.0,182,140,50,454.0,Cardio,25.2,1.5,3,1,28.46,43,10.56
53,Female,64.4,155.0,194,139,62,1107.0,HIIT,19.7,2.7,4,3,26.81,106,10.44
41,Female,64.9,157.0,166,123,53,576.0,HIIT,25.9,2.4,4,2,26.33,62,9.29
23,Female,56.7,155.0,179,132,73,911.0,Cardio,34.0,1.9,4,2,23.6,83,10.98
19,Female,46.8,163.0,184,128,63,864.0,HIIT,34.4,1.6,4,2,17.61,81,10.67
37,Female,70.3,177.0,162,123,52,621.0,Fuerza,33.7,1.7,2,1,22.44,61,10.18
28,Female,56.0,150.0,193,128,56,1242.0,Fuerza,16.7,2.7,5,3,24.89,116,10.71
32,Female,56.6,157.0,170,167,72,1378.0,HIIT,15.7,2.7,4,3,22.96,99,13.92
47,Male,127.8,165.0,198,157,60,598.0,Cardio,28.7,3.5,2,1,46.94,46,13.0
55,Female,49.3,176.0,194,161,73,927.0,Fuerza,30.5,2.0,2,1,15.92,77,12.04
19,Female,64.3,163.0,197,132,57,1234.0,Cardio,18.0,2.7,5,3,24.2,112,11.02
32,Male,49.3,162.0,167,158,74,1025.0,Fuerza,29.3,2.5,3,2,18.79,71,14.44
28,Female,63.0,162.0,196,147,55,500.0,Fuerza,31.7,1.9,2,1,24.01,41,12.2
43,Female,40.5,174.0,187,143,51,965.0,HIIT,32.9,2.2,3,2,13.38,90,10.72
22,Male,71.0,162.0,199,138,68,691.0,HIIT,21.2,3.5,2,1,27.05,55,12.56
23,Female,60.9,162.0,193,168,69,1336.0,Cardio,16.8,2.7,5,3,23.21,95,14.06
21,Female,51.0,171.0,174,132,73,706.0,HIIT,34.2,2.2,3,2,17.44,64,11.03
36,Female,57.7,177.0,176,147,63,1213.0,Fuerza,19.4,2.7,4,3,18.42,99,12.25
37,Male,76.9,182.0,192,121,50,992.0,Fuerza,24.5,2.8,4,2,23.22,89,11.15
37,Female,73.3,174.0,188,141,65,726.0,Cardio,25.5,2.4,3,2,24.21,62,11.71
18,Male,114.5,197.0,192,128,60,725.0,Cardio,24.1,2.6,3,1,29.5,62,11.69
31,Female,53.5,176.0,172,133,69,811.0,Fuerza,27.6,1.8,4,2,17.27,73,11.11
54,Female,70.1,152.0,180,139,65,475.0,HIIT,26.6,2.1,2,1,30.34,46,10.33
28,Male,86.9,178.0,164,134,68,951.0,HIIT,24.9,3.7,4,2,27.43,77,12.35
30,Male,90.0,166.0,165,152,71,1104.0,Cardio,26.6,2.1,4,2,32.66,79,13.97
20,Male,85.7,192.0,172,136,58,1287.0,Cardio,10.5,3.5,5,3,23.25,103,12.5
50,Female,70.4,155.0,160,143,58,470.0,Fuerza,29.9,2.7,2,1,29.3,44,10.68
23,Male,57.7,171.0,179,149,58,942.0,Fuerza,27.0,3.4,3,2,19.73,69,13.65
27,Male,75.7,176.0,167,132,66,494.0,Cardio,25.3,2.3,3,1,24.44,41,12.05
40,Male,80.3,176.0,168,167,74,1497.0,Fuerza,13.1,3.5,5,3,25.92,98,15.28
27,Male,104.3,168.0,162,135,62,950.0,Cardio,29.7,3.5,3,2,36.95,77,12.34
19,Female,65.7,158.0,170,121,57,883.0,Cardio,25.9,1.9,3,2,26.32,88,10.03
57,Female,51.9,157.0,169,151,67,713.0,HIIT,29.1,2.6,3,2,21.06,63,11.32
19,Female,59.1,157.0,184,162,50,1336.0,Cardio,17.9,2.7,5,3,23.98,99,13.49
37,Female,66.9,175.0,184,127,50,876.0,Fuerza,26.5,2.1,4,2,21.84,83,10.55
34,Male,102.1,171.0,185,135,72,713.0,HIIT,27.3,3.2,2,1,34.92,58,12.29
26,Male,51.9,200.0,173,133,54,549.0,HIIT,26.6,2.3,2,1,12.97,45,12.2
28,Male,58.3,200.0,198,135,65,980.0,Fuerza,28.2,3.0,4,2,14.57,79,12.41
32,Male,89.8,192.0,199,168,67,1783.0,Fuerza,10.6,3.5,4,3,24.36,116,15.37
55,Male,118.6,172.0,163,168,67,640.0,Fuerza,25.9,2.6,3,1,40.09,46,13.91
52,Male,84.8,185.0,189,152,50,895.0,Cardio,23.4,3.2,2,1,24.78,71,12.61
47,Male,80.0,177.0,171,149,68,531.0,HIIT,28.2,3.5,3,1,25.54,43,12.35
31,Female,77.4,171.0,190,137,52,863.0,Cardio,26.2,1.8,4,2,26.47,76,11.36
28,Female,72.9,167.0,197,147,74,831.0,Cardio,34.7,2.2,3,2,26.14,68,12.22
26,Female,71.2,150.0,182,142,54,816.0,Cardio,34.6,2.6,2,1,31.64,69,11.83
51,Male,88.2,162.0,163,133,72,1027.0,Cardio,11.8,3.5,4,3,33.61,94,10.93
52,Female,57.9,156.0,166,152,68,1135.0,HIIT,15.8,2.7,4,3,23.79,100,11.35
52,Female,70.6,158.0,181,164,67,753.0,HIIT,34.9,2.0,3,2,28.28,61,12.34
18,Male,118.6,164.0,188,134,67,693.0,Cardio,25.6,2.7,3,1,44.1,56,12.38
57,Male,55.7,199.0,170,126,70,705.0,Fuerza,23.6,3.0,3,2,14.07,68,10.37
46,Male,72.6,187.0,188,161,64,1044.0,HIIT,22.6,3.4,4,2,20.76,79,13.22
25,Female,63.8,168.0,198,165,67,784.0,Cardio,31.6,1.9,2,1,22.6,57,13.75
28,Female,67.3,167.0,171,157,74,479.0,Fuerza,29.2,2.3,3,1,24.13,37,12.95
58,Female,59.3,158.0,166,165,56,1463.0,Fuerza,19.8,2.7,4,3,23.75,118,12.4
54,Female,70.7,157.0,198,163,65,836.0,Cardio,31.8,2.1,3,1,28.68,68,12.29
47,Male,98.2,190.0,199,148,64,557.0,HIIT,22.9,3.0,3,1,27.2,46,12.11
52,Male,63.6,162.0,168,150,55,965.0,Fuerza,20.8,2.3,4,2,24.23,78,12.37
38,Female,45.2,168.0,193,144,58,727.0,HIIT,29.9,2.4,3,2,16.01,61,11.92
54,Male,117.2,162.0,172,143,56,736.0,HIIT,23.1,2.3,4,2,44.66,62,11.87
22,Male,107.4,174.0,195,138,63,1017.0,Fuerza,22.0,2.2,2,1,35.47,80,12.71
36,Female,59.1,178.0,184,121,60,514.0,Cardio,34.5,2.2,2,1,18.65,51,10.08
31,Female,53.3,164.0,183,141,70,402.0,Fuerza,29.4,2.4,3,1,19.82,34,11.82
43,Male,46.2,163.0,176,139,65,812.0,Fuerza,21.7,2.1,2,1,17.39,71,11.44
42,Male,86.3,177.0,172,127,55,1113.0,HIIT,11.4,3.5,4,3,27.55,106,10.5
59,Male,85.5,167.0,190,144,71,1418.0,Cardio,15.0,3.5,5,3,30.66,119,11.92
42,Male,70.2,187.0,188,165,65,1127.0,HIIT,22.7,3.4,3,2,20.07,83,13.58
35,Male,127.1,162.0,187,128,69,718.0,Fuerza,23.3,3.4,4,2,48.43,61,11.77
57,Female,75.6,167.0,186,153,65,723.0,Cardio,31.6,1.8,3,2,27.11,63,11.48
25,Female,62.6,165.0,174,142,61,852.0,Cardio,27.9,2.2,3,1,22.99,72,11.83
56,Female,55.7,153.0,190,124,66,1066.0,Cardio,16.1,2.7,5,3,23.79,115,9.27
57,Male,96.1,174.0,199,144,54,862.0,Cardio,21.6,2.8,3,2,31.74,73,11.81
49,Male,57.2,189.0,192,135,62,762.0,Cardio,21.1,3.5,2,1,16.01,68,11.21
55,Male,69.9,181.0,179,167,57,992.0,Fuerza,20.2,2.1,4,2,21.34,72,13.78
40,Male,87.9,187.0,196,134,54,1445.0,Fuerza,10.7,3.5,5,3,25.14,118,12.25
32,Male,102.8,198.0,168,120,61,818.0,Fuerza,27.8,2.8,3,2,26.22,74,11.05
50,Female,51.8,150.0,182,141,58,838.0,HIIT,33.0,2.2,3,1,23.02,79,10.61
42,Female,57.7,157.0,167,122,52,1005.0,Cardio,17.7,2.7,4,3,23.41,110,9.14
34,Female,66.5,169.0,191,157,52,636.0,Cardio,28.1,2.3,3,1,23.28,49,12.98
50,Male,95.4,161.0,173,133,50,764.0,Fuerza,21.5,3.6,4,2,36.8,70,10.91
19,Female,69.2,160.0,186,155,74,907.0,Cardio,32.4,1.6,3,1,27.03,70,12.96
57,Male,83.4,165.0,172,166,67,1290.0,HIIT,13.3,3.5,4,3,30.63,94,13.72
57,Female,43.8,175.0,180,160,73,1001.0,Cardio,25.1,1.7,2,1,14.3,83,12.06
56,Female,64.2,169.0,190,137,61,1227.0,Cardio,19.6,2.7,5,3,22.48,119,10.31
23,Male,87.3,191.0,164,129,58,1327.0,HIIT,11.8,3.5,5,3,23.93,112,11.85
24,Male,87.1,174.0,187,158,67,1364.0,Fuerza,10.0,3.5,4,3,28.77,94,14.51
25,Male,66.6,161.0,184,166,56,1260.0,Fuerza,25.0,3.0,2,1,25.69,83,15.18
59,Female,60.4,176.0,194,120,53,929.0,Cardio,18.8,2.7,5,3,19.5,103,9.02
32,Male,126.4,183.0,198,146,62,883.0,HIIT,28.2,2.1,3,2,37.74,66,13.38
46,Male,88.7,163.0,166,146,66,542.0,Fuerza,28.8,3.5,2,1,33.38,45,12.04
